date,ticker,direction,price,shares,reason,exit_reason,market_condition,stop_loss,target_price,estimated_eps,notes,bench_price_on_date
2025-10-06,0050,買入,58.86,500,定期定額,,,,,,每月定期定額,58.86
2025-11-05,0050,買入,61.89,500,定期定額,,,,,,每月定期定額,61.89
2025-12-05,0050,買入,61.5,500,定期定額,,,,,,每月定期定額,61.5
2026-01-06,0050,買入,69.0,500,定期定額,,,,,,每月定期定額,69.0
2026-02-05,0050,買入,71.56,500,定期定額,,,,,,每月定期定額,71.56
2026-03-05,0050,買入,76.93,500,定期定額,,,,,,每月定期定額,76.93
2025-10-15,2330,買入,1447.25,20,基本面看好,,,1302.5,1809.1,,AI 伺服器需求,60.57
2026-01-20,2330,買入,1759.34,15,技術面突破,,,1583.4,2199.2,,突破前高加碼,71.16
2025-11-12,2454,買入,1214.07,30,法人買超,,,1092.7,1517.6,,,61.94
2026-03-18,2454,賣出,1719.72,30,,達標獲利（到目標價）,,,,,,
2025-12-10,2603,買入,166.01,200,看新聞/聽消息,,,149.4,207.5,,運價題材,62.78
2026-02-11,2603,賣出,172.5,200,,邏輯消失（買進理由不再成立）,,,,,運價題材退燒，小賺出場,
2026-01-08,2881,買入,93.82,1000,基本面看好,,,84.4,117.3,,金融股存股,68.71
2026-04-14,2317,買入,201.5,100,技術面突破,,,181.3,251.9,,,82.6
2026-06-10,2317,賣出,255.39,50,,換股操作（找到更好的標的）,,,,,先賣一半,
2026-02-24,00878,買入,22.27,2000,定期定額,,,,,,高股息配置,78.92
2026-05-12,3231,買入,136.49,150,法人買超,,,122.8,170.6,,,96.26
2026-07-15,3231,賣出,145.5,150,,邏輯消失（買進理由不再成立）,,,,,,
2026-06-16,2382,買入,347.66,100,技術面突破,,,312.9,434.6,,,105.26
2026-08-11,2330,買入,2387.97,10,基本面看好,,,2149.2,2985.0,,回檔分批,104.6
